area_m2,count,label,mean_elev,mean_ndvi,site_index,subcell_id,NDVI,elevation,geometry,ndvi_z,elev_z,score,perimeter,compactness,mean_ndvi_z,mean_elev_z,compactness_z,advice
21280329.70022356,21,1,292.1232697343808,0.2776135756338475,476,0,0.2236479405407603,292.58784598893743,"{""type"": ""Polygon"", ""coordinates"": [[[-56.05059598607734, -9.331834739455765], [-56.014663374712555, -9.331834739455765], [-56.014663374712555, -9.304885280932176], [-56.02364652755375, -9.304885280932176], [-56.02364652755375, -9.295902128090994], [-56.03262968039495, -9.295902128090994], [-56.03262968039495, -9.313868433773372], [-56.02364652755375, -9.313868433773372], [-56.02364652755375, -9.322851586614568], [-56.041612833236144, -9.322851586614568], [-56.041612833236144, -9.295902128090994], [-56.05957913891854, -9.295902128090994], [-56.05957913891854, -9.277935822408601], [-56.06856229175973, -9.277935822408601], [-56.06856229175973, -9.295902128090994], [-56.07754544460093, -9.295902128090994], [-56.07754544460093, -9.322851586614568], [-56.06856229175973, -9.322851586614568], [-56.06856229175973, -9.313868433773372], [-56.05957913891854, -9.313868433773372], [-56.05957913891854, -9.322851586614568], [-56.05059598607734, -9.322851586614568], [-56.05059598607734, -9.331834739455765]]]}",-0.8067508735955321,0.1748550495574966,7.719488050741563,36266.82698577386,7.86177090792388,-0.8061897849664632,-0.4878466301499064,7.401144895925007,"### Evaluation of the Archaeological Potential of Site 1

1. **Mean NDVI (Normalized Difference Vegetation Index)**: The mean NDVI value of 0.278 suggests a moderate level of vegetation density and health. NDVI values range from -1 to +1, where lower values indicate sparse vegetation and higher values represent dense and healthy plant life. A value around 0.3 can be indicative of semi-arid environments or areas with moderate vegetation cover. In the context of archaeology, a moderate NDVI can imply that while vegetation might have obscured archaeological features, the site is not so densely covered that archaeological assessments are impossible. However, the presence of vegetation may also suggest potential challenges for site visibility and excavation.

2. **Mean Elevation**: With a mean elevation of 292.1 meters, the site is likely situated in a transitional area between lower floodplains and higher topographic features. Elevation can impact both archaeological settlement patterns and the preservation of cultural material. Higher elevations within the Amazon basin may have been preferred locations for habitation during certain periods due to reduced flooding risks compared to lower areas. It also allows for conservation of sites through better drainage and exposure to sunlight, which can help in the preservation of organic artifacts.

3. **Compactness**: A compactness index of 7.862 indicates that the area likely has compacted forms of development, which may suggest human influence. In archaeology, compactness can be associated with core areas of settlement, suggesting potential for nested or layered archaeology (where multiple settlement phases overlap). It can be a key indicator of anthropogenic features such as earthworks, habitation mounds, or agricultural modifications, which are often found in archaeological contexts.

### Rating the Site's Archaeological Potential

Based on the analysis of NDVI, elevation, and compactness:

**Rating: 6/10**

### Key Considerations

- **Vegetation Cover**: The moderate NDVI indicates some visibility potential but also suggests that thorough remote sensing and fieldwork would be necessary to confirm the presence of archaeological features.
  
- **Elevation Benefits**: Being at a moderate elevation could signify historical human favorability for habitation, though the specifics of past human activity in relation to current environmental conditions must be assessed experimentally.
  
- **Anthropogenic Evidence**: The compactness metric suggests potential archaeological features, but investigation is required to ascertain the specific cultural landscapes represented and the extent of human impact on the environment.

In summary, Site 1 presents a reasonably good potential for archaeological investigation, particularly due to its elevation and compactness metrics. However, the extent of vegetation cover, as indicated by the NDVI value, poses challenges that must be addressed for effective archaeological prospecting and excavation. Further investigation is warranted to ascertain the specific archaeological features present and their significance."
13176040.770243244,13,1,222.17154938085176,0.1028580271391104,298,0,0.0134785160012779,218.68070202958705,"{""type"": ""Polygon"", ""coordinates"": [[[-56.66145037927862, -9.394716809344139], [-56.64348407359623, -9.394716809344139], [-56.64348407359623, -9.385733656502943], [-56.65246722643742, -9.385733656502943], [-56.65246722643742, -9.36776735082055], [-56.69738299064339, -9.36776735082055], [-56.69738299064339, -9.358784197979354], [-56.70636614348459, -9.358784197979354], [-56.70636614348459, -9.36776735082055], [-56.71534929632578, -9.36776735082055], [-56.71534929632578, -9.376750503661746], [-56.688399837802194, -9.376750503661746], [-56.688399837802194, -9.385733656502943], [-56.670433532119816, -9.385733656502943], [-56.670433532119816, -9.376750503661746], [-56.66145037927862, -9.376750503661746], [-56.66145037927862, -9.394716809344139]]]}",-4.515669135686134,-1.039878869115933,7.2727690807827,26135.452355192974,7.200083886417985,-2.468522585793517,-1.243412013906338,6.0476585088955215,"To evaluate the archaeological potential of Site 2 in the Amazon region based on the given metrics—mean NDVI (Normalized Difference Vegetation Index), mean elevation, and compactness—let's analyze each factor:

### 1. Reasoning Based on Metrics

**NDVI (Mean NDVI: 0.103)**:
- NDVI values range from -1 to 1, where lower positive values generally indicate sparse vegetation and higher values indicate denser vegetation. A mean NDVI of 0.103 suggests relatively low vegetation cover, which might indicate areas dominated by less dense plant life or bare soil.
- Low NDVI could potentially reveal archaeological features such as earthworks or remnants of settlements that might not be obscured by dense forest cover, allowing for better visibility of human-made structures.

**Elevation (Mean Elevation: 222.2 m)**:
- The elevation of 222.2 meters is moderately elevated relative to much of the Amazon basin, which is predominantly low-lying and prone to flooding. Higher elevations can be advantageous for settlement due to reduced risk of flooding and potential access to diverse resources.
- Ancient peoples often preferred areas that offered strategic advantages in terms of resources, trade routes, and defense. Thus, the elevation could be a positive indicator, possibly enhancing the site's archaeological potential.

**Compactness (Compactness: 7.200)**:
- Compactness, in the general sense, may refer to the configuration or shape of the archaeological features. A value of 7.200 could suggest relative compactness, which might pertain to how tightly or uniformly human activities are spatially distributed.
- Compact areas can indicate concentrated zones of habitation or activity, which may be more likely to contain artifacts and features of interest.

### 2. Rating the Site's Archaeological Potential

**Rating**: **6 out of 10** 

### 3. Summary of Key Considerations

- **Vegetation and Visibility**: The low NDVI indicates potential ease of visibility for archaeological features but may also limit the bioarchaeological deposits preserved in the soil.
- **Elevation**: The moderate elevation is a favorable aspect that suggests humans may have settled here for its advantages over lower, flood-prone areas.
- **Compactness**: A compactness score implies there may be a concentration of archaeological materials, which could lead to richer finds.

In conclusion, while the site demonstrates some positive attributes that indicate potential for archaeological significance, the relatively low NDVI may pose challenges for discovering and excavating artifacts. Further investigation, including remote sensing methods and field surveys, would be essential to clarify the site's archaeological potential."
22316084.778484657,22,1,336.8393430917529,0.2869952939623832,692,0,0.249383518583187,339.7254360555799,"{""type"": ""Polygon"", ""coordinates"": [[[-55.26007853605216, -9.673194547421183], [-55.251095383210966, -9.673194547421183], [-55.251095383210966, -9.664211394579986], [-55.24211223036977, -9.664211394579986], [-55.24211223036977, -9.65522824173879], [-55.251095383210966, -9.65522824173879], [-55.251095383210966, -9.646245088897594], [-55.26007853605216, -9.646245088897594], [-55.26007853605216, -9.637261936056412], [-55.28702799457575, -9.637261936056412], [-55.28702799457575, -9.646245088897594], [-55.29601114741695, -9.646245088897594], [-55.29601114741695, -9.637261936056412], [-55.304994300258144, -9.637261936056412], [-55.304994300258144, -9.646245088897594], [-55.31397745309933, -9.646245088897594], [-55.31397745309933, -9.664211394579986], [-55.32296060594052, -9.664211394579986], [-55.32296060594052, -9.673194547421183], [-55.304994300258144, -9.673194547421183], [-55.304994300258144, -9.664211394579986], [-55.26007853605216, -9.664211394579986], [-55.26007853605216, -9.673194547421183]]]}",-0.3525879733727031,0.9496059928488202,5.096707988050854,30172.42474786751,6.387063170142336,-0.7169477652424657,-0.0048575491724423,4.384617771980831,"### Evaluation of Site 3’s Archaeological Potential

1. **Reasoning Based on Metrics:**
   - **Mean NDVI (Normalized Difference Vegetation Index):**
     - A mean NDVI of 0.287 indicates a moderate level of vegetation cover and health. In archaeological contexts, a higher NDVI often suggests areas with greater biomass and, potentially, more human activity or the presence of ancient agricultural practices. However, 0.287 is relatively low compared to more productive areas, which could imply either less favorable environmental conditions for vegetation growth or a dense forest that has not been extensively cleared. This moderate NDVI suggests that the site may not be overly disturbed or degraded.

   - **Mean Elevation:**
     - A mean elevation of 336.8 meters above sea level is of notable interest. Areas at higher elevations may have been used by ancient cultures for settlements because of their strategic advantages (e.g., better visibility, protection from flooding). However, the Amazon basin is primarily characterized by lowland areas; thus, elevation may correlate with certain types of archaeological sites, particularly those associated with specific cultural practices that prefer higher ground. Additionally, the elevation may influence the type of vegetation present, indirectly speaking to the site's use.

   - **Compactness:**
     - The compactness value of 6.387 suggests a relatively efficient spatial configuration of the area. In archaeological terms, compactness can hint at how well-defined and potentially organized ancient settlements were. Higher compactness values often indicate areas that may have supported structured habitation or agricultural practices. This score, in tandem with the other metrics, suggests that the site could have been strategically important in terms of habitation or resource management.

2. **Rating of Archaeological Potential:**
   - On a scale of 1 to 10, I would rate the site's archaeological potential as **6/10**. 

3. **Summary of Key Considerations:**
   - The moderate NDVI suggests potential vegetation-related archaeological activity, but the value is low enough to warrant caution. The elevation may offer strategic advantages, though its meaning in the local cultural context should be further explored. The compactness value indicates a potential for organized settlement or agricultural practices. Further investigations, including ground surveys and excavation in key areas, would be necessary to confirm the site's historicity and anthropogenic impacts. Addressing factors such as geomorphology, hydrology, and previous archaeological findings in similar environments will be crucial for a more comprehensive understanding of Site 3's significance."
6083874.939932255,6,1,484.91753926701574,0.3818766852644329,1175,0,0.2823786633250942,483.25234182469495,"{""type"": ""Polygon"", ""coordinates"": [[[-54.76600512978642, -9.538447254803252], [-54.757021976945225, -9.538447254803252], [-54.757021976945225, -9.529464101962056], [-54.73905567126283, -9.529464101962056], [-54.73905567126283, -9.520480949120874], [-54.76600512978642, -9.520480949120874], [-54.76600512978642, -9.511497796279677], [-54.77498828262762, -9.511497796279677], [-54.77498828262762, -9.529464101962056], [-54.76600512978642, -9.529464101962056], [-54.76600512978642, -9.538447254803252]]]}",0.2296865185603166,3.3086066433932615,4.4085446323478505,14083.874966264702,5.709946272356841,0.1855955319979875,1.5945707215502545,2.999569442795584,"**Evaluation of Site 4 as an Archaeological Site**

1. **Reasoning Based on Metrics:**
   - **Mean NDVI (Normalized Difference Vegetation Index):** The mean NDVI value of 0.382 indicates moderate vegetation cover. NDVI values range from -1 to 1; values above 0.3 typically suggest healthy vegetation growth. In archaeological contexts, moderate NDVI can point to areas that have remained undisturbed, potentially preserving sub-surface structures or artifacts. However, this also suggests some level of growth which may complicate ground visibility and reveal fewer surface indicators of archaeological features.
   
   - **Mean Elevation:** The average elevation of 484.9 m is relatively moderate within the Amazon Basin, which generally exhibits significant variability in elevation. This elevation can play a critical role in determining the site's historical use, as certain elevations might be more favorable for settlement due to factors like drainage, accessibility, and resource availability. Sites at slightly elevated locations can avoid flooding, which is an important consideration in the Amazon where waterlogged conditions can obscure or destroy archaeological remains.

   - **Compactness:** The compactness metric of 5.710 suggests the site's form is spatially dense, which can be important in determining the likelihood of concentrated archaeological features or settlement patterns. Compactness may be indicative of deliberate land use or habitation, suggesting potential for discovering evidence of human activities. However, it's also necessary to consider the landscape’s overall context, including its relationship to nearby resources.

2. **Archaeological Potential Rating:**
   - On a scale of 1 to 10, I would rate the archaeological potential of Site 4 as **6**. While the NDVI and elevation are promising, indicating potential past human activity and settlement, the moderately dense vegetation indicates some challenges for surface visibility and may mask important archaeological indicators.

3. **Key Considerations Summary:**
   - The combination of moderate NDVI suggests a balance of vegetation that can both contribute to and hinder archaeological investigations. The elevation is optimal for avoiding floods, but its actual stratigraphy and depth of deposits need to be assessed through targeted excavations or subsurface surveys. 
   - As with any archaeological site in forested regions, erosion and tree root growth can compromise stratigraphic integrity, so careful assessment and excavation strategies will be necessary. Moreover, further investigation into the surrounding environment and historical usage of similar elevated sites in the region could provide additional insights into the site's archaeological significance.
   - Overall, while there are factors enhancing archaeological potential, site-specific conditions (like accessibility and prior disturbance) and a complete contextual analysis of the surrounding area are essential for a thorough evaluation."
10139524.957806364,10,1,403.4242543171115,0.3070974888495457,752,0,0.2465036777728371,404.0689221091928,"{""type"": ""Polygon"", ""coordinates"": [[[-55.03549971502228, -9.529464101962056], [-55.01753340933989, -9.529464101962056], [-55.01753340933989, -9.520480949120874], [-54.9995671036575, -9.520480949120874], [-54.9995671036575, -9.511497796279677], [-55.03549971502228, -9.511497796279677], [-55.03549971502228, -9.50251464343848], [-55.053466020704676, -9.50251464343848], [-55.053466020704676, -9.520480949120874], [-55.03549971502228, -9.520480949120874], [-55.03549971502228, -9.529464101962056]]]}",-0.4034093247506438,2.007152134775279,4.176526437124398,18083.71499574324,5.67909128514038,-0.5257290130060843,0.714342118085461,2.9364553060328524,"Based on the provided metrics for Site 5 within the Amazon region, I will evaluate its potential as an archaeological site by considering mean NDVI, mean elevation, and compactness.

### Evaluation:

1. **Mean NDVI (Normalized Difference Vegetation Index)**: 
   - A mean NDVI of 0.307 is indicative of moderate vegetation cover. In archaeological contexts, moderately dense vegetation can signal the presence of secondary growth forests, which may have developed over previously disturbed or cleared areas. This suggests that while there might be some challenges in probing for archaeological remains due to vegetation, such environments can also indicate past human activity and land use, particularly if they were once cleared for agriculture or habitation.

2. **Mean Elevation**: 
   - The mean elevation of 403.4 m places Site 5 at a relatively elevated position within the Amazon rainforest. Elevation can influence both the types of ecosystems present and the potential for human settlement. Higher elevations often have better drainage and may be more suitable for habitation than low-lying areas that could be prone to flooding. Furthermore, areas with varied topography tend to attract human activity due to the presence of resources and better climatic conditions.

3. **Compactness**: 
   - The compactness value of 5.679 suggests a relatively enclosed or cohesive area. Such characteristics can be associated with potentially defined boundaries of human occupation or land use. Higher compactness often facilitates the identification of settlements or structures, as it may indicate less fragmentation of archaeological deposits due to environmental factors. 

### Archaeological Potential Rating:
**Rating: 7/10**
- While there are no definitive indicators of past human activity solely based on these metrics, the combination of moderate NDVI, favorable elevation, and reasonable compactness provides a solid foundation for the potential of archaeological findings. The site may have been historically significant in human usage, with possible remains or artifacts that relate to ancient civilizations' habitation or agricultural practices.

### Summary of Key Considerations:
1. **Vegetation Density**: Moderate NDVI suggests some challenges for surveying the site but can indicate areas of past human activity.
2. **Elevation**: The elevation offers good chances for past habitation, possibly avoiding risks like flooding common in lower areas.
3. **Site Configuration**: The compactness could guide archaeological surveys to identify potential boundaries or significant features of human settlements.

Overall, while the site shows promise, further investigation and more detailed remote sensing or field surveys would be necessary to ascertain the presence and significance of archaeological elements directly."
3038365.203485475,3,1,589.6146788990826,0.3048117608934707,1163,0,0.2396984816621734,594.9210970078043,"{""type"": ""Polygon"", ""coordinates"": [[[-54.84685350535719, -9.125222224108278], [-54.83787035251599, -9.125222224108278], [-54.83787035251599, -9.116239071267081], [-54.828887199674796, -9.116239071267081], [-54.828887199674796, -9.107255918425885], [-54.84685350535719, -9.107255918425885], [-54.84685350535719, -9.125222224108278]]]}",-0.5235025123646538,5.143988411785906,4.040736938196794,8051.170591585338,4.6189051273312485,-0.5474716162474647,2.725429749527147,0.7678355724221819,"To assess Site 6's potential as an archaeological site in the Amazon region, we need to analyze the provided metrics: Mean NDVI, Mean Elevation, and Compactness.

### 1. Evaluation Based on Metrics

- **Mean NDVI (0.305)**: The Normalized Difference Vegetation Index (NDVI) is an indicator of vegetation health and density. A NDVI of 0.305 suggests moderate vegetation cover. In archaeological contexts, areas with higher NDVI values can indicate possible agricultural activity or settlement, as these lands are often associated with human modification and resource management. While a NDVI of 0.305 isn't extremely high, it still indicates potential for past human interaction with the environment, though it may also suggest denser forestation that could hinder surface visibility for archaeological features.

- **Mean Elevation (589.6 m)**: This elevation is relatively high for the Amazon region, which generally consists of lowland areas. Higher elevations can provide less flood-prone areas, potentially making them more favorable for human habitation over time. They may also offer strategic advantages regarding visibility, resource access, and defense. However, this elevation could also influence the types of vegetation and ecosystems present, which can lead to different archaeological outcomes.

- **Compactness (4.619)**: Compactness refers to the ability of the site’s shape to support sustainable human activities. A compactness value approaching 1 would indicate a more circular shape, often associated with a higher potential for human settlement as it may facilitate defense and community interaction. A value of 4.619 indicates that the site is less compact, which could suggest that it may cover a larger area or be more irregular in shape. However, very high compactness isn't necessarily disadvantageous, but it may require a more thorough investigation to determine how the site shape impacts settlement patterns.

### 2. Rating the Site's Archaeological Potential

**Archaeological Potential: 6/10**

- This score indicates a moderate level of archaeological potential. While the NDVI suggests some vegetation density that may limit surface visibility, the elevation is advantageous for human habitation, and the compactness score suggests a site that could have a range of settlement patterns. There is potential for discovering archaeological features related to past human activities, but these may be more concealed due to the vegetation cover.

### 3. Summary of Key Considerations

- **Vegetation Impact**: The moderate NDVI indicates that while there might be suitable agricultural lands or settlements in the past, significant plant cover can obstruct archaeological visibility and surface artifact detection.
- **Elevation Advantage**: The elevation provides benefits in terms of avoiding flooding, suggesting that the site could support sustained human habitation through varying climatic conditions.
- **Shape and Size Consideration**: The compactness metric will require further investigation to understand the spatial organization of human activity. This aspect should entail analyzing the site layout for settlement patterns, resource use, and defensive capabilities. 

In conclusion, while Site 6 shows moderate archaeological potential due to favorable elevation and possibly beneficial NDVI values, further exploration and excavation are necessary to maximize site understanding and reliable archaeological interpretation."
7105470.977949211,7,1,283.3295901179113,0.2823058098832611,438,0,0.2316994110831514,283.7627144281729,"{""type"": ""Polygon"", ""coordinates"": [[[-56.086528597442125, -9.906756521292259], [-56.06856229175973, -9.906756521292259], [-56.06856229175973, -9.897773368451062], [-56.07754544460093, -9.897773368451062], [-56.07754544460093, -9.861840757086291], [-56.09551175028332, -9.861840757086291], [-56.09551175028332, -9.870823909927473], [-56.086528597442125, -9.870823909927473], [-56.086528597442125, -9.906756521292259]]]}",-0.6646643346196932,0.0298056528508363,3.892095001691595,16150.672750021797,6.058905549348072,-0.7615556948379928,-0.5828292821914824,3.7133685890450847,"To evaluate the archaeological potential of Site 7 within the Amazon region based on the provided metrics—Mean NDVI, Mean Elevation, and Compactness—I will analyze each aspect in the context of archaeological potential.

### 1. Reasoning Based on Metrics

- **Mean NDVI (Normalized Difference Vegetation Index - 0.282)**:
  - **Interpretation**: NDVI values range from -1 to +1, where low values indicate sparse vegetation and high values indicate dense vegetation. A mean NDVI of 0.282 suggests a moderate level of vegetation. While not indicative of dense forests, this level of NDVI may suggest some potential for agricultural activities, which is often associated with human settlements in archaeological contexts. Additionally, moderate vegetation can allow for insights into underlying archaeological features, as it is neither too dense for visibility nor too sparse to hint at past human activity.

- **Mean Elevation (283.3 m)**:
  - **Interpretation**: Elevation can significantly impact archaeological potential, influencing drainage, climate, and soil types. An elevation of 283.3 meters is relatively high within the Amazon basin, suggesting that the area may have better drainage and be less prone to flooding compared to lowland sites. Elevated areas could also have strategic advantages for human settlements, such as access to diverse resources and vantage points.

- **Compactness (6.059)**:
  - **Interpretation**: The compactness metric possibly reflects the geometric complexity of the area, which could indicate variation in human activity patterns. In archaeological terms, a site with a higher compactness could suggest more anthropogenic features such as structures, potential land divisions, or complex settlement patterns typical of more organized or permanent human habitation.

### 2. Archaeological Potential Rating

Based on the above analysis, I would rate Site 7's archaeological potential as a **7 out of 10**. This score reflects the potential for significant archaeological findings due to favorable NDVI indicating possible vegetation management, advantageous elevation for settlement, and the compactness suggesting a likelihood of human activity.

### 3. Summary of Key Considerations

- **Vegetation Management**: The moderate NDVI indicates potential for past human activity, particularly in agricultural contexts.
- **Elevation Benefits**: An elevation of 283.3 meters suggests less vulnerability to flooding and possibly a greater strategic position for ancient communities.
- **Anthropogenic Features**: The compactness metric indicates a complex land use pattern potentially related to habitation or communal activities.

Overall, while Site 7's metrics suggest promising conditions for archaeological exploration, further investigation (e.g., field surveys, sub-surface analysis) would be essential to confirm human presence and the extent of archaeological remains."
11108668.239469176,11,1,257.7313326187925,0.2626247366015708,871,0,0.2113026620571915,261.05075651702725,"{""type"": ""Polygon"", ""coordinates"": [[[-55.3858426758289, -8.038260730323664], [-55.3768595229877, -8.038260730323664], [-55.3768595229877, -8.029277577482468], [-55.35889321730531, -8.029277577482468], [-55.35889321730531, -8.011311271800075], [-55.367876370146504, -8.011311271800075], [-55.367876370146504, -8.020294424641271], [-55.3768595229877, -8.020294424641271], [-55.3768595229877, -8.011311271800075], [-55.3858426758289, -8.011311271800075], [-55.3858426758289, -8.002328118958879], [-55.39482582867009, -8.002328118958879], [-55.39482582867009, -8.011311271800075], [-55.40380898151129, -8.011311271800075], [-55.40380898151129, -8.029277577482468], [-55.3858426758289, -8.029277577482468], [-55.3858426758289, -8.038260730323664]]]}",-1.0246114349908502,-0.3434868890626511,3.7442816440509152,20098.756914553232,6.03029001590756,-0.9487685985394164,-0.8593222283702091,3.654835273881708,"### Evaluation of Archaeological Potential for Site 8

1. **Mean NDVI (Normalized Difference Vegetation Index):**
   - The NDVI value of 0.263 indicates moderate vegetation cover. In archaeological contexts, a low-to-moderate NDVI can suggest the presence of agricultural land or historically cultivated areas which may indicate ancient human activity, given that these areas are often conducive to sustaining human populations. However, it may also suggest suppressed vegetation due to past human impacts or current land-use practices. Further analysis would be needed to determine specific land-use history.

2. **Mean Elevation:**
   - At 257.7 meters, the elevation of Site 8 is relatively low within the Amazon region, which typically hosts a mix of lowland and hilly terrains. Low elevation areas could provide fertile grounds for agriculture when compared to higher, less suitable terrains. Additionally, this elevation range is often more accessible for ancient populations as waterways and flat lands often attracted settlement.

3. **Compactness:**
   - A compactness value of 6.030 indicates a geometrically efficient shape for the site. In the context of archaeological sites, a moderate to high compactness can imply a degree of human planning or organization, possibly related to settlement layout or agricultural practices. Compactness is also an important factor in landscape modification which is relevant when assessing historical human activity.

### Archaeological Potential Rating:
**Rating: 7 out of 10**

### Key Considerations Summary:
- The combination of moderate NDVI and appropriate elevation suggests that Site 8 may have been utilized for agriculture or sustained settlement by ancient peoples.
- The compactness value indicates there may have been historical human influence on the land, contributing to higher archaeological potential.
- Further assessments involving historical land use history, soil analysis, and surveying would strengthen the understanding of site significance.
- The environmental context, including water sources and proximity to other archaeological features or sites, should also be investigated for a comprehensive assessment. 

In conclusion, while Site 8 presents promising indicators for archaeological potential, systematic investigations would be necessary to ascertain its significance fully."
7075175.511914972,7,1,285.4270482603816,0.3118975664868175,1244,0,0.2170788907058945,283.32676362495516,"{""type"": ""Polygon"", ""coordinates"": [[[-54.80193774115121, -8.379620538289082], [-54.79295458831001, -8.379620538289082], [-54.79295458831001, -8.36165423260669], [-54.783971435468814, -8.36165423260669], [-54.783971435468814, -8.352671079765493], [-54.79295458831001, -8.352671079765493], [-54.79295458831001, -8.343687926924297], [-54.8109208939924, -8.343687926924297], [-54.8109208939924, -8.352671079765493], [-54.80193774115121, -8.352671079765493], [-54.80193774115121, -8.36165423260669], [-54.8109208939924, -8.36165423260669], [-54.8109208939924, -8.370637385447885], [-54.80193774115121, -8.370637385447885], [-54.80193774115121, -8.379620538289082]]]}",-0.9226767222317128,0.0226403884505129,3.610000570766669,16085.954815535571,6.047532842641484,-0.4800690807653998,-0.5601741314915519,3.6901056214928207,"### Evaluation of Site 9's Archaeological Potential

1. **Reasoning Based on Metrics**:

   - **Mean NDVI (Normalized Difference Vegetation Index: 0.312)**:
     A mean NDVI value of 0.312 suggests a moderate level of vegetation cover, which is typical of many environments including disturbed or partially open areas of the Amazon. NDVI values generally range from -1 to 1, where values closer to 1 indicate denser vegetation. While a higher NDVI would signify better habitat potential, moderate NDVI levels may indicate the possibility of some archaeological visibility or accessibility, as denser canopies could obscure site features.

   - **Mean Elevation (285.4 m)**:
     In the Amazon, elevation can be a key factor in site selection, particularly for ancient human activity. Elevations around 285 m may be beneficial as they could help prevent frequent flooding and might have provided favorable conditions for settlement. Historically, ancient cultures often favored higher ground for habitation to mitigate risks from seasonal inundation.

   - **Compactness (6.048)**:
     Compactness relates to the shape of the area being measured and its potential for archaeological content. A compactness value of 6.048 might suggest a relatively regular area, which could indicate human modifications or constructs. Sites with higher compactness values might show more evidence of intentional construction or organization, a sign of past human activity.

2. **Rating the Site's Archaeological Potential**:
   Considering the provided data, I would rate Site 9's archaeological potential as **6 out of 10**. This score reflects the moderate NDVI, manageable elevation which may allow for human settlement, and compactness suggesting potential anthropogenic features.

3. **Summary of Key Considerations**:
   - The **moderate NDVI** indicates that while vegetation might obscure subtle features, it also allows for some visibility into potential archaeological features.
   - The **elevation** of 285.4 m could indicate a favorable site for ancient habitation away from flood impacts common in lower-lying areas.
   - The **compactness score** suggests possible human activity, though further investigation is necessary to assess the presence and extent of archaeological features.
   - **Future research** should consider detailed ground surveys and remote-sensing techniques (like LiDAR) to map and assess the site more completely for structures or artifacts indicative of past human presence. 

In conclusion, while Site 9 shows promising indicators for archaeological research, comprehensive fieldwork would be necessary to evaluate its full potential and confirm any archaeological significance."
6086374.689821374,6,1,309.02092871157635,0.2964571613396735,655,0,0.2486804075059315,314.65539174306525,"{""type"": ""Polygon"", ""coordinates"": [[[-55.42177528719368, -9.673194547421183], [-55.39482582867009, -9.673194547421183], [-55.39482582867009, -9.664211394579986], [-55.412792134352486, -9.664211394579986], [-55.412792134352486, -9.65522824173879], [-55.43974159287606, -9.65522824173879], [-55.43974159287606, -9.664211394579986], [-55.42177528719368, -9.664211394579986], [-55.42177528719368, -9.673194547421183]]]}",-0.3649959700183868,0.5375560672583098,3.296983766790426,14057.58312654635,5.6981164152892205,-0.626943341155074,-0.3053309446861972,2.9753713703215485,"**Evaluation of Site 10's Archaeological Potential:**

1. **Reasoning:**

   - **Mean NDVI (Normalized Difference Vegetation Index):** The NDVI value of 0.296 suggests a moderate level of vegetation cover. In archaeological contexts, NDVI can indicate areas of past human activity since higher NDVI values often correlate with agricultural practices and land modification. This value is not exceedingly high; however, it suggests that the site may have been utilized for vegetation-based activities, such as farming or habitation, potentially indicating areas of interest for archaeological investigation.

   - **Mean Elevation (309.0 m):** This elevation, while not extremely high for the Amazon region, is significant as it could imply a geological context that is less susceptible to flooding compared to lower elevations. Elevated areas often serve as vantage points and are preferable for settlement due to accessibility and resource availability. The elevation may have allowed for better visibility over the surrounding landscape, which could influence settlement patterns.

   - **Compactness (5.698):** The compactness metric indicates the geometric layout of the site, where a more compact form suggests a higher degree of complexity or density in construction or land use. In archaeological contexts, a compact site may reflect clustered habitation or organized agricultural practices, which can lead to a higher density of artifacts and a more significant understanding of social organization.

2. **Archaeological Potential Rating:**
   - **Rating:** 7/10.

3. **Summary of Key Considerations:**
   - The NDVI value indicates potential agricultural activity or habitation, suggesting that further investigation could yield artifacts or evidence of previous human activity. 
   - Mean elevation at 309.0 m is favorable in the Amazon for avoiding flooding, making it a strategic location for ancient settlements.
   - The site's compactness suggests a potentially organized human presence, which can lead to higher archaeological yield.
   - Additional factors such as proximity to water sources, current land use, and historical records of the area should also be considered for a comprehensive assessment. Further fieldwork, including surveys and excavations, would be crucial to confirm these initial evaluations."
3040719.6986201582,3,1,527.9186351706037,0.3287675423776092,1169,0,0.2935104230599714,524.4517503725588,"{""type"": ""Polygon"", ""coordinates"": [[[-54.79295458831001, -9.394716809344139], [-54.77498828262762, -9.394716809344139], [-54.77498828262762, -9.376750503661746], [-54.783971435468814, -9.376750503661746], [-54.783971435468814, -9.385733656502943], [-54.79295458831001, -9.385733656502943], [-54.79295458831001, -9.394716809344139]]]}",0.4261317772384393,3.985757948548554,3.1464512416820023,8054.275420010788,4.618897052352641,-0.3195962688061893,2.059035917890524,0.7678190549852886,"### Evaluation of Archaeological Potential for Site 11

#### 1. Reasoning Based on Metrics

**Mean NDVI (Normalized Difference Vegetation Index)**:  
The NDVI value of 0.329 is indicative of moderately dense vegetation. In the context of archaeological sites, a higher NDVI value can suggest healthier vegetation, potentially signaling fertile land. This could indicate that the area was suitable for agriculture and habitation, which is a strong factor in determining the presence of ancient human activity. 

**Mean Elevation**:  
The average elevation of 527.9 meters is relatively high for the Amazon basin, which traditionally has lower elevations. This elevation may offer certain advantages over flooding, making it more viable for settlement as well as defense. Higher elevations can also present unique ecosystems that may have supported different resources compared to lower-lying areas. Thus, this could suggest a favorable environment for sustaining human populations.

**Compactness**:  
The compactness value of 4.619 suggests a moderately dense or clustered structure. In archaeological terms, this could indicate the presence of habitation sites, terraces, or agricultural fields, especially in a landscape that would have been shaped by human activity. Compact areas tend to signal human organization and potential for significant cultural activities.

#### 2. Rating the Site's Archaeological Potential

**Rating**: **7/10**  
The site shows promising characteristics that suggest a potential for archaeological findings, particularly related to past human habitation and agriculture. The combination of favorable NDVI values, advantageous elevation, and a compactness metric indicates the possibility of archaeological remains. However, without detailed archaeological assessments, this rating remains somewhat tentative.

#### 3. Summary of Key Considerations

- **Vegetation and Land Use**: The NDVI suggests that the area may have supported agricultural practices, which is a critical indicator for potential archaeological sites.
- **Elevation Refuge**: The elevation could protect against flooding, making it more conducive to long-term human settlement.
- **Compacted Structures**: The compactness metric implies organization, hinting at the potential for discovering dwellings, ceremonial sites, or agricultural fields linked to past human communities.

**Conclusion**: While Site 11 displays several positive indicators for archaeological significance, further investigation is warranted to uncover the extent and nature of any anthropogenic modifications or remains. Ground surveys and excavations would be recommended to confirm these remote sensing metrics and to establish a clearer understanding of the potential for archaeological findings."
8077513.982448727,8,1,278.2754549926218,0.2790966202068698,867,0,0.2119118776597341,280.63168266355547,"{""type"": ""Polygon"", ""coordinates"": [[[-55.42177528719368, -7.966395507594093], [-55.40380898151129, -7.966395507594093], [-55.40380898151129, -7.9124965905469296], [-55.412792134352486, -7.9124965905469296], [-55.412792134352486, -7.948429201911701], [-55.42177528719368, -7.948429201911701], [-55.42177528719368, -7.966395507594093]]]}",-1.0138604378904303,-0.0216558200348782,3.073564840132832,16116.13845738722,5.670510130033399,-0.7920825725771647,-0.6374202132821941,2.918902480837861,"### Evaluation of Site 12 Potential as an Archaeological Site

#### 1. Reasoning Based on Metrics

- **Mean NDVI (Normalized Difference Vegetation Index)**: 
   - The NDVI value of **0.279** indicates a moderate level of vegetation density. While lower NDVI values may suggest sparse vegetation, a value around 0.3 usually indicates healthy but not excessively dense foliage. This condition could be beneficial in archaeological contexts, as it may suggest that the land may have been subject to human use or manipulation, as observed with agricultural practices. In areas such as the Amazon, agricultural and settlement activities often lead to changes in vegetative cover. 

- **Mean Elevation**: 
   - At **278.3 m**, the elevation is relatively low but can still be indicative of certain archaeological suitability. Elevation can affect water drainage, climate, and the likelihood of sediment accumulation. Generally, areas with elevations above the immediate floodplain may have been preferred for settlement, avoiding the risks of seasonal flooding. The altitude does not appear to be extreme, which could mean a more favorable microclimate for human habitation.

- **Compactness**:
   - The compactness index of **5.671** suggests a relatively defined shape of the archaeological site. While the exact implications of compactness can vary, a higher compactness ratio often indicates a site that may have been more intensively modified or developed by human activities. This could imply the presence of constructed features, as well as the potential for more focused investigations into the site’s anthropogenic modifications.

#### 2. Archaeological Potential Rating
On a scale of **1 to 10**, I would rate Site 12's archaeological potential at **6**.

#### 3. Summary of Key Considerations
- The moderate NDVI suggests the possibility of agricultural activities or human settlement, yet not very dense vegetation might offer easy access for exploration.
- The mean elevation indicates potential safety from flooding risks while still being approachable for resource procurement and settlement.
- The compactness ratio indicates possible deliberate human alteration of the landscape, which could lead to the discovery of artifacts, structures, or remnants of past civilizations.
- However, a full field investigation would be necessary to ascertain the intensity and nature of human activity at the site, as well as to explore surrounding areas that may hold valuable context. 

In conclusion, while Site 12 shows promise based on the available metrics, actual archaeological potential requires further assessment through field surveys and excavations to ground-truth the observations made from remote sensing data."
5067909.995625199,5,1,300.16679779701025,0.2419173718482959,605,0,0.1636904327571952,304.5805424398816,"{""type"": ""Polygon"", ""coordinates"": [[[-55.89788238777702, -9.403699962185335], [-55.87991608209464, -9.403699962185335], [-55.87991608209464, -9.385733656502943], [-55.87093292925344, -9.385733656502943], [-55.87093292925344, -9.376750503661746], [-55.88889923493582, -9.376750503661746], [-55.88889923493582, -9.394716809344139], [-55.89788238777702, -9.394716809344139], [-55.89788238777702, -9.403699962185335]]]}",-1.8648376816798744,0.3719663756740737,3.0422034621152916,12081.491984242806,5.366685228445052,-1.1457439274749417,-0.4009665457619657,2.2974260804023157,"### Evaluation of Site 13 for Archaeological Potential

1. **Reasoning Based on Metrics**:
   - **Mean NDVI (Normalized Difference Vegetation Index)**: The NDVI value of 0.242 indicates a moderate level of greenness and vegetation productivity. In archaeological terms, a higher NDVI can indicate areas with more vegetation and potential for past agricultural practices or habitation. However, this value is notably lower than many other regions, suggesting that while there may be some vegetation, the area possibly lacks significant agricultural development or permanent settlement indicators.

   - **Mean Elevation**: At 300.2 meters, this elevation is relatively moderate for the Amazon region, which can often include low-lying areas. Elevation can influence human settlement patterns, as sites that are slightly elevated can be more favorable for habitation due to reduced flooding risk and access to resources. Nevertheless, the suitability may still depend on local geomorphology and proximity to water bodies.

   - **Compactness**: A compactness value of 5.367 indicates the degree of proximity of the site’s boundaries and shape. In archaeological contexts, compact sites are often easier to manage and may suggest a concentrated habitation site. However, without further data on what this measure represents in the context of site layout, it's difficult to fully ascertain the implications thoroughly.

2. **Rating the Site’s Archaeological Potential**:
   - **Score**: 5/10
     - The site shows some potential for archaeological interest due to its moderate compactness and elevation. However, the NDVI suggests limited vegetation cover and potentially low agricultural significance. Thus, it could serve as a sporadic site rather than a major cultural or ceremonial center.

3. **Summary of Key Considerations**:
   - **Vegetation**: A lower NDVI may point towards challenges in identifying long-term agricultural or habitation evidence, suggesting the site might not have been a primary center for ancient societies dependent on agriculture.
   - **Elevation and Proximity to Water**: While the elevation is beneficial for habitation, further assessment of local hydrology (such as proximity to rivers or lakes) is essential, as this greatly impacts past human settlement patterns in the Amazon.
   - **Compactness**: It suggests spatial organization but requires context regarding the site’s layout and culture. Archaeological surveys and excavations would be necessary to reveal further insights about human activities and potential artifacts at this site.

Overall, Site 13 should be seen as a candidate for further investigation rather than a definitive archaeological hotspot. It warrants systematic surveys and remote sensing analysis to uncover any hidden archaeological significance."
3041141.156942351,3,1,518.5811518324607,0.3391029943913416,1172,0,0.2421274913082687,516.4619406789636,"{""type"": ""Polygon"", ""coordinates"": [[[-54.783971435468814, -9.439632573550107], [-54.757021976945225, -9.439632573550107], [-54.757021976945225, -9.43064942070891], [-54.783971435468814, -9.43064942070891], [-54.783971435468814, -9.439632573550107]]]}",-0.4806371038736834,3.854437857977961,2.915134289563312,8027.427437961567,4.603181500541021,-0.2212820176033506,1.95817951084224,0.7356727611177214,"### Evaluation of Site 14 as an Archaeological Site

#### 1. Reasoning Based on Metrics:

- **Mean NDVI (Normalized Difference Vegetation Index)**: 
  - The NDVI value of 0.339 indicates moderate vegetation cover. In remote sensing, NDVI values range from -1 to 1, where values close to 1 signify dense, healthy vegetation, while values near 0 suggest sparse vegetation, and negative values indicate non-vegetated surfaces. A moderate NDVI value may suggest a landscape capable of supporting human habitation and agricultural activity, as it implies a balance between natural vegetation and modification by human activities.

- **Mean Elevation**:
  - The elevation of 518.6 m is relatively high when considering many parts of the Amazon, which are often characterized by lowlands. This elevation could indicate a more stable environment that may have been less prone to flooding, thus making it favorable for ancient settlements. Higher elevations may have also provided strategic advantages, such as visibility over the surrounding area or defense against potential threats.

- **Compactness**:
  - The compactness value of 4.603 suggests a relatively compact landform shape. In archaeological contexts, compactness may correlate with site accessibility and the potential for concentrated human activity. Sites with compact and organized layouts can indicate planned settlements or the presence of engineered landscapes, which further enhances their archaeological interest. 

#### 2. Rating the Site's Archaeological Potential:

On a scale of 1 to 10, with 1 indicating very unlikely potential and 10 indicating highly likely potential, I would rate **Site 14** at a **7**.

#### 3. Key Considerations Summary:

- **Vegetation and Land Use**: The moderate NDVI suggests active land use, which could signal either agricultural practices or periods of human occupation. Future archaeological exploration could target areas around more open spaces within the vegetation to uncover artifacts or settlement remains.

- **Elevation's Role**: At 518.6 m, the site's elevation is advantageous, likely minimizing the impacts of flooding common in many Amazonian lowland areas and providing a stable environment for habitation.

- **Site Configuration**: The compactness metric points to a potentially organized and efficient design in past human activities. Future studies should focus on delineating specific areas of interest based on this metric.

Overall, while there are promising indicators of archaeological potential at this site, further investigation through surveys, excavation, and analysis would be necessary to fully ascertain its historical significance and the richness of cultural deposits present."
4055543.870989647,4,1,484.2568897637795,0.3941493853683913,1176,0,0.2272101202968088,490.08994205825553,"{""type"": ""Polygon"", ""coordinates"": [[[-54.74803882410403, -9.511497796279677], [-54.73905567126283, -9.511497796279677], [-54.73905567126283, -9.475565184914892], [-54.74803882410403, -9.475565184914892], [-54.74803882410403, -9.511497796279677]]]}",-0.7438880971521601,3.420989080070881,2.8750218686183047,10111.087741984986,5.020804686055467,0.3023375302535565,1.5874348871073205,1.589924511764541,"To evaluate Site 15 as an archaeological site within the Amazon region, we will analyze the provided metrics: Mean NDVI (Normalized Difference Vegetation Index), Mean Elevation, and Compactness.

### 1. Reasoning Based on Metrics:

- **Mean NDVI (0.394)**: NDVI values typically range from -1 to +1, where higher values indicate healthier vegetation. An NDVI of 0.394 suggests moderate vegetation health. In archaeological contexts, a moderate NDVI can indicate areas that may have been sufficiently cleared for habitation while still retaining some vegetation, which is often desirable for sustainability. It may suggest a potential for historical land use, agricultural practices, or settlement patterns.

- **Mean Elevation (484.3 m)**: Elevation can greatly influence human settlement and activity patterns. Higher elevations can be advantageous in flood-prone regions such as the Amazon, providing safer living conditions. A mean elevation of 484.3 m is moderate; it is essential to consider regional topography, as it could suggest proximity to key resources (like rivers and trade routes) or serve as a strategic location. However, the exact influence on potential sites will depend on the broader geological and environmental context.

- **Compactness (5.021)**: Compactness is a measure that often reflects the shape and spatial configuration of archaeological features or artifacts. A moderate compactness score, like 5.021, can indicate diverse land use patterns or the presence of settlement forms. Sites with higher compactness scores may indicate more concentrated and organized settlements, which are generally more favorable for archaeological investigation as they indicate potential societal complexity.

### 2. Archaeological Potential Rating:
Considering the metrics analyzed, I would rate Site 15's archaeological potential as **7 out of 10**. 

### 3. Key Considerations:
- **Vegetation**: The NDVI value indicates that vegetation management or shifts over time may have occurred in this area, allowing for archaeological visibility.
- **Topography**: The elevation suggests a possible strategic location for settlements, which could indicate that this site has been significant historically, potentially leading to increased archaeological finds.
- **Land Use Evidence**: The compactness score supports the likelihood of structured land use, hinting at organized societies that once occupied this area.

While indicators here are promising, further investigation that combines ground truthing, historical context, and ancillary data (e.g., soil analysis, cultural artifacts) would be essential for confirming Site 15's archaeological significance."
3041246.8830207107,3,1,498.2526178010472,0.3244972447733795,1183,0,0.291621438341279,500.11768935135547,"{""type"": ""Polygon"", ""coordinates"": [[[-54.63125783716849, -9.4575988792325], [-54.62227468432731, -9.4575988792325], [-54.62227468432731, -9.439632573550107], [-54.64024099000969, -9.439632573550107], [-54.64024099000969, -9.448615726391303], [-54.63125783716849, -9.448615726391303], [-54.63125783716849, -9.4575988792325]]]}",0.392796338768644,3.5858046055025476,2.866688711263921,8055.013478190638,4.6189199226707816,-0.3602167574713489,1.7386061173785048,0.7678658364140672,"To evaluate the archaeological potential of Site 16 based on the provided metrics—Mean NDVI, Mean Elevation, and Compactness—let's analyze each aspect:

### 1. Evaluation Based on Metrics:

**Mean NDVI (0.324)**: 
Normalized Difference Vegetation Index (NDVI) measures vegetation health and density. Values close to 0 indicate barren land, 0.2-0.5 suggest sparse to moderate vegetation, and values above 0.5 indicate dense green vegetation. An NDVI of 0.324 suggests a moderate level of plant cover, which could indicate that the site has a mix of open and possibly more densely vegetated areas. This is favorable for archaeological sites since it suggests the potential for good soil conditions—important for preservation of organic artifacts and features related to human activities.

**Mean Elevation (498.3 m)**:
Elevation is another important consideration for determining archaeological potential. Sites at moderate elevations can have advantages, such as being strategically located for trade routes or agriculture. At 498.3 m, Site 16 is situated within a feasible range for human habitation. Areas with elevations between about 100 m and 600 m are often attractive for settlement due to accessible water sources, fertile soils, and more temperate climates than lower elevations that may be subject to flooding.

**Compactness (4.619)**:
The compactness metric can indicate the shape and distribution of the site area. Higher compactness values typically suggest that the site is less fragmented, which can be indicative of a coherent area of habitation or agricultural use. A compactness value of 4.619 suggests a relatively well-contained site. This can support the likelihood of significant archaeological features being present, as archaeological zones that are less fragmented often hold more easily interpretable patterns of human activity.

### 2. Archaeological Potential Rating (Scale of 1-10):
Considering the evaluation of NDVI (moderate vegetation suggests good conditions for preservation), elevation (favorable for habitation), and compactness (indicative of cohesive human use), I would rate the archaeological potential of Site 16 at **7 out of 10**.

### 3. Summary of Key Considerations:
- **Vegetation and Preservation**: The moderate NDVI suggests viable conditions for site preservation due to potential for soil stability and organic material retention.
- **Habitat Viability**: Being at an elevation of 498.3 m likely places the site in a favorable climatic zone for human settlement and agriculture, historically significant for indigenous populations.
- **Site Integrity**: The compactness suggests that the site may have been consistently used, which enhances the likelihood of discovering structured habitation remains or cultural features.

Overall, Site 16 presents a promising opportunity for archaeological investigation, though further ground truthing and archaeological surveys would be essential to substantiate findings before concluding its significance."
1014328.152214177,1,1,498.3346456692913,0.2511532157990404,1114,0,0.2064440502843987,505.6682615004514,"{""type"": ""Polygon"", ""coordinates"": [[[-54.83787035251599, -9.646245088897594], [-54.828887199674796, -9.646245088897594], [-54.828887199674796, -9.637261936056412], [-54.83787035251599, -9.637261936056412], [-54.83787035251599, -9.646245088897594]]]}",-1.1103527076426882,3.677033516489277,2.2994485431410374,4028.656304428354,4.000101196712596,-1.0578895132667137,1.7394921201449178,-0.4979330902705939,"### Evaluation of Site 17 Based on Provided Metrics

1. **Reasoning Based on Metrics:**

   - **Mean NDVI (Normalized Difference Vegetation Index):** 
     - The mean NDVI of 0.251 indicates moderate vegetation density and health. NDVI values range from -1 to 1; values closer to 0 suggest sparse or stressed vegetation, while values above 0.3 typically indicate healthy vegetation. A value of 0.251 may suggest a balance of vegetation cover that can support archaeological investigations, indicating that the area is neither too dense (which may hinder fieldwork) nor too barren (which may indicate limited human activity).
   
   - **Mean Elevation:** 
     - The mean elevation of 498.3 m is significant in terms of archaeological potential in the Amazon. Higher elevations may be less prone to flooding, which is critical in a region characterized by seasonally inundated areas. Sites at moderate elevations tend to offer better preservation conditions for artifacts and structures, as they may not be inundated frequently, thereby reducing water-related erosion and artifact degradation.

   - **Compactness:** 
     - A compactness value of 4.000 suggests a possible geometric arrangement of features or remains, which could be indicative of human activity. A higher compactness score may attract attention since it may imply the presence of clustered structures or significant archaeological features. This cohesiveness can often reveal past human habitation, agricultural practices, or site planning.

2. **Archaeological Potential Rating:**
   - **Rating:** 7/10
     - The site shows promising characteristics based on its NDVI, elevation, and compactness. While the NDVI indicates some vegetative presence, the elevation is favorable for preservation, and the compactness suggests potential for significant archaeological features.

3. **Summary of Key Considerations:**
   - **Environmental Factors:** The vegetation density, indicated by NDVI, should be examined further for crop and biodiversity potential, which can reveal past land use.
   - **Site Stability:** The elevation ensures that the site may be stable over time, allowing for archaeological preservation, a critical aspect in tropical humid environments like the Amazon. 
   - **Human Activity Evidence:** Compactness may correlate with human-made structures or settlements, suggesting that further investigation might uncover evidence of ancient communities or agricultural practices.
   - **Research Opportunities:** The site has potential for multi-disciplinary research, integrating remote sensing data with ground surveys to enhance understanding of human-environment interactions in historical contexts.

In conclusion, Site 17 presents notable archaeological potential, meriting further exploration to validate these observations and investigate its historical significance within the Amazon region."
2025661.789374647,2,1,551.1768172888015,0.3710930935433652,1162,0,0.2649582989684658,554.4536559540388,"{""type"": ""Polygon"", ""coordinates"": [[[-54.86481981103957, -9.134205376949474], [-54.84685350535719, -9.134205376949474], [-54.84685350535719, -9.125222224108278], [-54.86481981103957, -9.125222224108278], [-54.86481981103957, -9.134205376949474]]]}",-0.0777354941141938,4.478867685744004,2.20715394359363,6025.6617893737275,4.233711728711394,0.0830184271045327,2.310253146127379,-0.0200807754292167,"To evaluate the archaeological potential of Site 18 based on the provided metrics—mean NDVI, mean elevation, and compactness—let's analyze each factor:

1. **Mean NDVI (Normalized Difference Vegetation Index)**:
   - A mean NDVI of 0.371 indicates a moderate level of vegetation productivity, which can suggest areas of historical land use, including agricultural practices. In archaeological terms, areas with substantial vegetation often correlate with former human activity due to domesticated plant cultivation or settlement patterns. However, a value of 0.371 is not particularly high, suggesting that while there might have been some vegetation growth, it may not necessarily indicate extensive farming or settlement.

2. **Mean Elevation (551.2 m)**:
   - The elevation of 551.2 meters suggests that this site is situated at a relatively higher altitude compared to other areas in the Amazon region. This could be significant as elevated sites sometimes offer strategic advantages for settlement, such as protection from flooding and better visibility of the surrounding landscape. However, in the context of the Amazon rainforest, terrain tends to be varied, and many significant archaeological sites have been identified at lower elevations in more fertile floodplain areas.

3. **Compactness**:
   - The compactness value of 4.234 can indicate the degree of spatial organization of archaeological features. Higher compactness can signal areas where human activity has led to more concentrated and organized settlement patterns. While this number alone does not definitively predict archaeological significance, it suggests there might be potential for discovering clustered or organized archaeological remains if the compactness is reflective of human structures or land use patterns.

Considering these three metrics together:

- The moderate NDVI suggests some historical agricultural or settlement potential, although it may be limited.
- The elevation may provide certain advantages that could affect human settlement patterns positively.
- The compactness indicates a tendency toward organization that could signify urban or settled patterns.

**Rating the Site's Archaeological Potential:**
Based on the analysis of these factors, I would rate Site 18 a **6 out of 10**. This score reflects a moderate archaeological potential, influenced primarily by the site's elevation and compactness, while also acknowledging that the NDVI isn't particularly high.

**Summary of Key Considerations**:
- **Vegetation and Land Use**: Moderate NDVI suggests potential for historical land use but indicates limited productivity.
- **Elevation**: Provides advantages such as protection from flooding that could attract prehistoric populations.
- **Spatial Organization**: Compactness implies potential for discovering organized human activity.
- **Location Context**: It's essential to consider nearby archaeological findings and environmental factors that could further influence potential research or excavation outcomes. Sustainable archaeological practices should also be prioritized, given the environmental sensitivity of the Amazon region."
1012627.5748455548,1,1,579.232283464567,0.3637805501219396,1166,0,0.2488765352564451,577.640848660732,"{""type"": ""Polygon"", ""coordinates"": [[[-54.80193774115121, -9.062340154219918], [-54.79295458831001, -9.062340154219918], [-54.79295458831001, -9.053357001378721], [-54.80193774115121, -9.053357001378721], [-54.80193774115121, -9.062340154219918]]]}",-0.3615348490814266,4.859971161683069,2.101848868751099,4025.255149691133,4.000078732833869,0.0134590861187214,2.613286995193943,-0.4979790403241217,"### Evaluation of Site 19

**1. Reasoning Based on Metrics:**

- **Mean NDVI (Normalized Difference Vegetation Index):** The mean NDVI value of 0.364 indicates a moderate level of vegetation cover. NDVI values range from -1 to 1, where values close to 1 signify dense green vegetation, and values near 0 or negative will indicate sparse or no vegetation. A moderate NDVI could suggest potential for past anthropogenic use, where vegetation patterns may reflect historical land use or agricultural practices. However, it also suggests that significant reforestation or disturbance may have occurred, which could complicate archaeological surveys.

- **Mean Elevation:** At 579.2 meters, this elevation is relatively high for the Amazon region. Higher elevations can offer advantages, such as reduced flooding potential and better drainage, which historically could have attracted human settlement. This elevation might also correlate with specific environmental niches that could sustain diverse plant and animal life, further enhancing these areas' attractiveness for early populations.

- **Compactness:** The compactness value of 4.000 indicates a reasonably compact form of land, which may suggest a relatively contained area that could be indicative of human settlement patterns. Compactness can be important in archaeology because more compact landforms might correlate better with sites of concentrated human activity, as opposed to sprawling or diffuse land usage.

**2. Rating the Site's Archaeological Potential:**

Considering the above metrics, I would rate Site 19's archaeological potential as **6 out of 10**. 

**3. Summary of Key Considerations:**

- **Environmental Factors:** The moderate NDVI suggests potential for vegetation-related archaeological indicators but also raises concerns about modern and natural disruptions. The site’s elevation might have provided historical communities with favorable conditions for settlement.

- **Potential for Discoveries:** The compactness metric contributes positively to suggesting the likelihood of identifiable structures or community layouts typical of past human habitation.

- **Further Investigation Needed:** Comprehensive archaeological surveys, remote sensing methods (like LiDAR), and soil analysis would be ideal next steps to confirm the presence of cultural layers or artifacts. This could better elucidate the site's history and the impact of environmental factors on human activity.

This site shows potential, but further exploration and analysis are necessary to ascertain the extent and nature of past human influence."
9071798.27872898,9,1,285.0816237450896,0.3194408517649718,137,0,0.1592020460640599,284.53203792956197,"{""type"": ""Polygon"", ""coordinates"": [[[-57.64061403896889, -7.229776974616094], [-57.6226477332865, -7.229776974616094], [-57.6226477332865, -7.2207938217748975], [-57.631630886127695, -7.2207938217748975], [-57.631630886127695, -7.1938443632513085], [-57.64061403896889, -7.1938443632513085], [-57.64061403896889, -7.202827516092505], [-57.658580344651284, -7.202827516092505], [-57.658580344651284, -7.2207938217748975], [-57.64061403896889, -7.2207938217748975], [-57.64061403896889, -7.229776974616094]]]}",-1.9440454894281736,0.0424502133291022,2.0736822137271274,16063.794062741334,5.3333665840067574,-0.4083148466258792,-0.5639051448981767,2.229272511999425,"To evaluate the potential of Site 20 as an archaeological site in the Amazon region, we can analyze the metrics provided: Mean NDVI (Normalized Difference Vegetation Index), Mean Elevation, and Compactness.

### Evaluation:

1. **Mean NDVI (0.319)**: 
   - NDVI is a measure of vegetation health and density, with values typically ranging from -1 to +1. Values closer to 1 indicate dense, healthy vegetation, while values near -1 represent barren land. The mean NDVI of 0.319 suggests moderate vegetation cover, which can be indicative of areas where human activity is possible, though perhaps not extensive. Low NDVI values might be associated with locations that lack vegetation due to human disturbance or inherently poor soil conditions.

2. **Mean Elevation (285.1 m)**: 
   - Elevation plays a critical role in archaeological potential, particularly in the Amazon, where areas at higher elevations can be less prone to flooding and better situations for human settlement and agriculture. A mean elevation of 285.1 meters is relatively moderate within the context of the region, potentially reducing vulnerability to flooding. Sites at this elevation may have been more sustainable for settlement over time.

3. **Compactness (5.333)**: 
   - Compactness is a measure that can indicate the shape and form of an archaeological site. A higher compactness value suggests a more regular, possibly organized area that could reflect prior human intervention, settlement, or urban planning. A compactness value of 5.333 indicates a more efficient use of space, which may suggest that the area had been intentionally modified or structured, enhancing its archaeological value.

### Rating of Archaeological Potential:

Considering the moderate NDVI, reasonable elevation, and a compactness score that suggests organized land use, I would rate the archaeological potential of Site 20 as **7 out of 10**. This suggests a moderately high likelihood of archaeological significance, potentially due to past human habitation or land use practices.

### Summary of Key Considerations:

- **Vegetation Density**: While the NDVI value indicates moderate vegetation, which is typically positive, further investigations on land use history may help clarify archaeological significance.
  
- **Flood Risk**: The elevation suggests a lower risk of flooding, making the site more suitable for long-term human occupation, which is favorable for archaeological findings.
  
- **Site Structure**: The compactness value indicates that the site may show signs of human alteration or organization, warranting further exploration to uncover potential archaeological features or artifacts.

In conclusion, Site 20 shows promise as an archaeological site, but further field investigations, including ground surveys and possibly remote sensing techniques, would provide more insight into its historical context and significance."
1012856.4274577656,1,1,554.7559055118111,0.3399294514994701,1158,0,0.2893612939012515,552.6569669398801,"{""type"": ""Polygon"", ""coordinates"": [[[-54.90075242240435, -9.14318852979067], [-54.891769269563156, -9.14318852979067], [-54.891769269563156, -9.134205376949474], [-54.90075242240435, -9.134205376949474], [-54.90075242240435, -9.14318852979067]]]}",0.3529109415137932,4.449337399903072,2.064359035696808,4025.7128549155314,4.000081594013081,-0.2134204831848307,2.348911740269873,-0.4979731877578961,"### Evaluation of Site 21's Archaeological Potential

**1. Reasoning Based on Metrics:**

- **Mean NDVI (Normalized Difference Vegetation Index):**  
  An NDVI of 0.340 indicates moderate vegetation cover, which can suggest some level of ecological productivity. Higher NDVI values typically correlate with dense, healthy vegetation, while lower values might indicate less biomass or disturbed landscapes. As archaeological sites often correspond to areas of past human activity that may alter vegetation patterns, a moderate NDVI may imply that the area has been used or impacted over time. Therefore, the NDVI suggests potential for both preservation and disturbance of archaeological features.

- **Mean Elevation:**  
  At an elevation of 554.8 m, this site is relatively higher than much of the Amazon basin, which is generally characterized by low-lying terrain. Elevated areas might experience different ecological and hydrological conditions, potentially leading to unique prehistoric human activities. Additionally, this elevation could have been less prone to flooding, creating a more stable environment for settlement and agricultural practices.

- **Compactness:**  
  A compactness value of 4.000 indicates a relatively well-defined shape for the archaeological features or landscape in question. In archaeology, compactness can imply higher site integrity, as more compact sites are less likely to be subject to significant erosional processes that can disrupt archaeological stratigraphy. Compactness also suggests a deliberation in the placement of human activity, potentially indicative of settled communities rather than transient camps.

**2. Site Rating on a Scale of 1 to 10:**  
**Rating: 7/10 (Moderately High Archaeological Potential)**  

Considering the combination of a moderate NDVI, favorable elevation, and appropriate compactness, Site 21 has a reasonably good potential for archaeological finds, particularly those related to settled populations that could have relied on the natural resources of the area.

**3. Summary of Key Considerations:**  
- **Ecological Factors:** The moderate NDVI signifies potential for human-environment interactions, making it likely that archaeological remnants could be present, reflecting past habitation or land use.
- **Topographic Advantages:** The elevation can be critical in understanding settlement patterns, as elevated terrain may have provided advantages in resource management, agriculture, and defense.
- **Site Integrity:** The compactness suggests that the site maintains its features, which is beneficial for archaeological investigations.

Overall, while there are promising indicators of archaeological potential at Site 21, further investigation through excavation or non-invasive techniques such as ground-penetrating radar would be essential to substantiate the site's significance and to uncover its historical narratives."
4059826.174275633,4,1,276.534906588004,0.2411455850849994,583,0,0.2149458921599394,279.9401660800597,"{""type"": ""Polygon"", ""coordinates"": [[[-55.538556274129206, -9.861840757086291], [-55.529573121288024, -9.861840757086291], [-55.529573121288024, -9.852857604245095], [-55.52058996844683, -9.852857604245095], [-55.52058996844683, -9.843874451403899], [-55.529573121288024, -9.843874451403899], [-55.529573121288024, -9.834891298562702], [-55.538556274129206, -9.834891298562702], [-55.538556274129206, -9.861840757086291]]]}",-0.9603183405472226,-0.0330215501158492,2.059698996256065,10089.73927464476,5.007560722607356,-1.1530854194213935,-0.656220295919695,1.5628338727543662,"To evaluate the archaeological potential of Site 22 in the Amazon region based on the provided metrics (Mean NDVI, Mean Elevation, and Compactness), we will analyze each parameter accordingly.

### 1. Evaluation of Metrics:

- **Mean NDVI (Normalized Difference Vegetation Index)**: 
  - The NDVI is a measure of vegetation health and density, with values ranging from -1 to 1. A value of 0.241 indicates moderate vegetation cover, which may suggest that the area has suitable ecological conditions for human habitation. In archaeological contexts, more dense vegetation generally indicates a healthier ecosystem, possibly supporting past human populations.
  
- **Mean Elevation**: 
  - At 276.5 m, the elevation of the site is relatively moderate for the Amazon. In terms of archaeology, lower elevation areas are often more prone to flooding, while moderate elevations may provide better drainage and more stable conditions for habitation. This elevation could suggest the site was less susceptible to seasonal flooding, making it a more attractive location for ancient communities.
  
- **Compactness**: 
  - The compactness value of 5.008 could indicate the physical shape and layout of the area. In an archaeological context, a more compact and less fragmented landscape could imply a greater likelihood of finding intact settlement patterns or artifacts. Higher compactness can correlate with a higher likelihood of archaeological features being preserved.

### 2. Archaeological Potential Rating:
Based on the analysis of the provided metrics, I would rate Site 22's archaeological potential as a **7 out of 10**. 

### 3. Summary of Key Considerations:
- The moderate NDVI suggests a favorable environment for both natural resources and potential human occupation.
- The elevation offers stability, likely reducing the risk of seasonal flooding compared to surrounding low-lying areas, thus making it more favorable for habitation.
- The compactness of the area implies intact archaeological features may exist, indicating the potential for discovering evidence of past human activity.
  
In conclusion, while some factors point positively towards Site 22 as having a commendable archaeological potential, it should be noted that further investigation (such as field surveys and excavations) would be necessary to confirm the presence of archaeological remains and assess the full extent of its significance."
4056531.8834604695,4,1,369.76007866273346,0.3458036244524323,1088,0,0.2783456160266984,373.52871624933806,"{""type"": ""Polygon"", ""coordinates"": [[[-54.96363449229273, -9.583363019009234], [-54.93668503376914, -9.583363019009234], [-54.93668503376914, -9.574379866168037], [-54.945668186610334, -9.574379866168037], [-54.945668186610334, -9.565396713326841], [-54.95465133945153, -9.565396713326841], [-54.95465133945153, -9.574379866168037], [-54.96363449229273, -9.574379866168037], [-54.96363449229273, -9.583363019009234]]]}",0.1585142116956453,1.5051949226059254,2.0415100717472954,10056.505063683726,4.993092707302445,-0.1575433996727487,0.3507272467342543,1.5332394253402923,"### Evaluation of Site 23

1. **Reasoning Based on Metrics:**
   - **Mean NDVI (Normalized Difference Vegetation Index): 0.346**
     - NDVI values range from -1 to 1, where values closer to 1 indicate healthy, dense vegetation and values closer to 0 indicate sparse vegetation. A mean NDVI of 0.346 suggests moderate to low vegetation cover. This could indicate areas that have been disturbed or might have been cleared for agricultural purposes or habitation, which is often a positive sign for archaeological potential as previous human activity could have led to the deposition of artifacts or features.
   
   - **Mean Elevation: 369.8 m**
     - The elevation is moderately high for the Amazon basin, which can be beneficial for archaeological sites. Higher elevations are less likely to be impacted by flooding and provide visibility over the landscape, possibly making them attractive for habitation or ceremonial sites. Additionally, elevated sites often have better drainage, which preserves organic materials that can be crucial for establishing chronology and understanding past human activity.

   - **Compactness: 4.993**
     - The compactness value of 4.993 suggests a relatively compact shape for the area under consideration. In archaeological terms, compactness can indicate the degree of land use and habitation density. More compact sites may suggest more intense use or organization, which can correlate with higher archaeological potential since they may have been focal points of activity.

2. **Rating the site's archaeological potential: 7/10**
   - Considering the moderate NDVI, suitable elevation, and compactness, Site 23 demonstrates reasonably good archaeological potential. It suggests prior human habitation or use, which increases the likelihood of finding cultural artifacts or structures.

3. **Summary of Key Considerations:**
   - **Vegetation:** The mean NDVI indicates moderate vegetation, which may suggest previous human disturbances that can enhance archaeological visibility.
   - **Elevation:** Being at 369.8 m may provide advantages for preservation and site selection by ancient humans, limiting the risk of flooding and potentially indicating an ancient landscape suitable for occupation.
   - **Compactness:** The relatively compact nature suggests active land use, which may correlate with denser artifact concentrations. 

In conclusion, while there may be initial signs that could lead to interesting archaeological discoveries, further investigation, including subsurface exploration and field surveys, would be essential to confirm the site's archaeological viability and richness."
1014328.1522151215,1,1,479.7007874015748,0.2618691653216962,1118,0,0.2212992966528047,490.727950115691,"{""type"": ""Polygon"", ""coordinates"": [[[-54.8199040468336, -9.646245088897594], [-54.8109208939924, -9.646245088897594], [-54.8109208939924, -9.637261936056412], [-54.8199040468336, -9.637261936056412], [-54.8199040468336, -9.646245088897594]]]}",-0.8481980452108763,3.4314753468407075,1.9962460810257832,4028.656304430217,4.000101196712583,-0.9559558434235828,1.538223327872822,-0.4979330902706212,"### Evaluation of Archaeological Potential for Site 24

#### Site Metrics:
- **Mean NDVI**: 0.262
- **Mean Elevation**: 479.7 m
- **Compactness**: 4.000

#### 1. Reasoning Based on Metrics

**Mean NDVI (Normalized Difference Vegetation Index)**:
- An NDVI value of 0.262 suggests moderate vegetation density. In the context of archaeological sites, NDVI can be useful for indicating areas of potential agricultural activity or human habitation. While higher NDVI values indicate denser vegetation (often linked to areas of human habitation), a value of 0.262 suggests that while vegetation exists, it may not be dense or necessarily productive. This can hinder visibility for archaeological features but also indicates that there is some potential for agricultural-related evidence.

**Mean Elevation**:
- At 479.7 meters, the elevation is relatively high for the Amazon region, which can influence both microclimate and human habitation patterns. Elevated areas could have been preferred by ancient populations for strategic advantages (e.g. defense, visibility, and climate). It also suggests better drainage and less susceptibility to flooding compared to lower-lying regions—important factors for settlement sustainability in ancient societies. 

**Compactness**:
- The compactness value of 4.000 may indicate the geometric organization of potential archaeological features. Higher compactness can signify more structured and planned settlement. In the context of archaeological sites, compactness often correlates with the likelihood of finding organized, distinct habitation areas or defensive structures. However, the interpretation of compactness can vary based on the landscape context and expected features in the region.

#### 2. Rating the Site’s Archaeological Potential
**Rating**: **6/10**

#### 3. Summary of Key Considerations
- The moderate NDVI indicates potential for agricultural remnants but may require enhancement for visibility during surveys.
- The elevation suggests good drainage and perhaps deliberate settlement decisions by ancient peoples, supporting the prospect of finding habitation features.
- A compactness score of 4.000 could imply organized human activity, which is promising for locating artifacts and structures.
  
Considering these metrics, Site 24 has a moderate potential for archaeological significance, meriting further investigation through targeted surveys and excavation. The combination of elevation and compactness may provide a favorable context for discoveries, while NDVI suggests that the visibility of such features may vary due to vegetation density. While there’s potential, further research is needed to assess and corroborate findings effectively."
4059522.6830341714,4,1,343.918547595682,0.3220056135734341,1295,0,0.280687227302271,345.46834674061057,"{""type"": ""Polygon"", ""coordinates"": [[[-54.06531920817319, -9.834891298562702], [-54.056336055332, -9.834891298562702], [-54.056336055332, -9.825908145721506], [-54.047352902490815, -9.825908145721506], [-54.047352902490815, -9.81692499288031], [-54.07430236101439, -9.81692499288031], [-54.07430236101439, -9.825908145721506], [-54.06531920817319, -9.825908145721506], [-54.06531920817319, -9.834891298562702]]]}",0.1998372768451951,1.0439961698641265,1.9880926101419736,10059.550241890363,4.992764456360129,-0.3839179807338425,0.0716066441407336,1.5325679852673977,"### Evaluation of Site 25's Archaeological Potential

1. **Reasoning Based on Metrics:**

   - **Mean NDVI (Normalized Difference Vegetation Index: 0.322)**: A mean NDVI of 0.322 indicates moderate levels of vegetation on the site. In the context of archaeological sites, an NDVI value in this range suggests that the area is likely capable of supporting some flora, which may hint at historical human activity or settlements. Areas with higher NDVI values can often indicate abandoned or actively managed lands, potentially linked to agricultural practices. However, this NDVI value is fairly moderate and does not suggest extraordinarily lush or highly diverse vegetation prevalent in ecologically significant areas.

   - **Mean Elevation (343.9 m)**: This elevation is considered relatively low for the Amazon, where much of the land is flat or at lower elevations typically associated with floodplain ecosystems. Elevation can affect drainage, soil types, and water availability, which are pivotal for both natural ecosystems and human settlements. This level might suggest accessibility to water sources while being elevated enough to avoid excessive flooding, making it conducive for the establishment of settlements.

   - **Compactness (4.993)**: The compactness metric is indicative of the site's shape and could suggest the degree of organization in the landscape, whether natural or affected by human activities. A compactness value around 5 might imply some level of human manipulation, as anthropogenic landscapes often exhibit less irregularity than natural terrains. This compact shape could reflect the arrangement of features or structures typical in archaeological sites, which could suggest prior habitation or land-use practices.

2. **Archaeological Potential Rating: 7/10**

   - Based on the evaluations of elevation, NDVI, and compactness, the site's archaeological potential is relatively promising but with nuances that could limit some aspects of investigation. A score of 7 acknowledges the existence of potentially useful vegetation and the intriguing elevation, which may have supported ancient human life.

3. **Key Considerations:**

   - **Environmental Factors**: While the vegetation index is not low, potential challenges exist regarding preservation. The climate and immediate environment will impact the degradation rates of archaeological materials. 

   - **Cultural Context**: Understanding the historical context of this region is essential. Previous archaeological studies, local oral histories, or findings in nearby areas can provide insights into what types of settlements or activities might have occurred on this site.

   - **Methodological Approach**: Given moderate NDVI and the compactness metric, a targeted survey using remote sensing techniques, including LiDAR or aerial imagery, may help uncover sub-surface features indicative of past human occupation.

In conclusion, Site 25 presents a favorable opportunity for archaeological investigation, with its vegetation health, elevation, and compactness suggesting potential historical significance. Further research and exploration are necessary to confirm and enhance this site's archaeological narrative."
